QUEST_LV_0300_20150323_000001	Fomos posicionados aqui pelo quartel general para auxiliar os Cavaleiros de Kaliss.{nl} Se quer saber mais, siga para nosso quartel general na praça de Verkti.
QUEST_LV_0300_20150323_000002	Tenho sido um mercador por toda minha vida. Após Medzio Diena, este parecia ser o local mais seguro para se estar,então me estabeleci aqui.. Mas suponho que me enganei.
QUEST_LV_0300_20150323_000003	Eu conheci muitos reveladores durante minha viagem.{nl} Na minha opinião.. Tem algo especial sobre eles, mas não apenas por causa da sua força.
QUEST_LV_0300_20150323_000004	Não estou culpando a Deusa e sacerdotes.{nl} Mas eu acho demais quando nos dizem para apenas confiar neles e esperar.
QUEST_LV_0300_20150323_000005	Os selos no vilarejo devem ser selados - Por isso são chamados de selos, então qual o problema?{nl} Os sacerdotes estão apenas tentando nos assustar sem nenhuma razão para isso.
QUEST_LV_0300_20150323_000006	Os sacerdotes não querem que todos saibam o quão importante os selos do vilarejo são.{nl} Eles pensam que podem levar o fardo sobre si, então tudo estara bem.
QUEST_LV_0300_20150323_000007	Alguns sacerdotes querem ser honestos e se abrir com os moradores.{nl}Nesse ritmo, se algo realmente ruim acontecer..
QUEST_LV_0300_20150323_000008	$A energia maligna esta fazendo esta decadente  floresta ser um lugar sem vida.{nl}É com certeza o maior problema que este vilarejo esta enfrentando.
QUEST_LV_0300_20150323_000009	$Deusa...{nl}Por favor diga-me que o selo do vilarejo esta realmente ok...
QUEST_LV_0300_20150323_000010	Demônios irão continuamente ter como alvo o selo e atacalo incessantemente.{nl}Com a Deusa Austeja ainda desaparecida, quanto tempo seremos capazes de durar..
QUEST_LV_0300_20150323_000011 Foi um erro lidar com isso por nossa conta.{nl}A partir de agora,vamos dizer aos moradores toda a verdade e incluí-los na decisão de como licar com o assunto.
QUEST_LV_0300_20150717_000012 Verifique a Funcionalidade do Detector (1)
QUEST_LV_0300_20150717_000013 Demônios, Deusas, e a cidade petrificada (1)
QUEST_LV_0300_20150717_000014 Verifique a Funcionalidade do Detector (2)
QUEST_LV_0300_20150717_000015 Demônios, Deusas, e a cidade petrificada (2)
QUEST_LV_0300_20150717_000016 Verifique a Funcionalidade do Detector (3) 
QUEST_LV_0300_20150717_000017 Verifique a Funcionalidade do Detector (4)
QUEST_LV_0300_20150717_000018 Sobre a Orientação das Almas
QUEST_LV_0300_20150717_000019 Repare o detector petrificado
QUEST_LV_0300_20150717_000020 Reparando/MAKING/3/TRACK_AFTER/None
QUEST_LV_0300_20150717_000021 Verifique a Funcionalidade do Detector (5)
QUEST_LV_0300_20150717_000022 Reparando/MAKING/3/TRACK_BEFORE
QUEST_LV_0300_20150717_000023 Notice/!/Uma das partes não está muito bem presa{nl}Você vai precisar de algo como uma corda para amarrá-lo no lugar!#5
QUEST_LV_0300_20150717_000024 Notice/!/Você precisa encontrar uma corda#5
QUEST_LV_0300_20150717_000025 Para a Orientação das Almas
QUEST_LV_0300_20150717_000026 Agora você pode relaxar
QUEST_LV_0300_20150717_000027 Examinando o dispositivo/LOOK/2/TRACK_BEFORE/None
QUEST_LV_0300_20150717_000028 Notice/!/Quando você toca o dispositivo, sente como se sua alma estivesse sendo sugada!{nl}Você começa a se sentir cada vez mais fraco!
QUEST_LV_0300_20150717_000029 Notice/Agora você se sente reenergizado#5
QUEST_LV_0300_20150717_000030 O Ultimo Desejo Dele (1)
QUEST_LV_0300_20150717_000031 A razão por trás de seu último desejo.
QUEST_LV_0300_20150717_000032 O Ultimo Desejo Dele (3)
QUEST_LV_0300_20150717_000033 O Ultimo Desejo Dele (2)
QUEST_LV_0300_20150717_000034 Vá para o Mestre do Clérigo
QUEST_LV_0300_20150717_000035 Agora vocês são incapazes de trabalharem juntos
QUEST_LV_0300_20150717_000036 Destroir o Terminal (1)
QUEST_LV_0300_20150717_000037 Sobre a Estrutura Principal e o Terminal
QUEST_LV_0300_20150717_000038 Impeça o ataque dos monstros e destrua o terminal!#5
QUEST_LV_0300_20150717_000039 Destroir o Terminal (2)
QUEST_LV_0300_20150717_000040 $Acendender pó explosivo/FIRE/2/TRACK_BEFORE/None
QUEST_LV_0300_20150717_000041 $Notice/O terminal foi destroido com a explosão!#5
QUEST_LV_0300_20150717_000042 $Destroir o Terminal (3)
QUEST_LV_0300_20150717_000043 $Repouso Eterno (1)
QUEST_LV_0300_20150717_000044 Se você tem algumas últimas palavras
QUEST_LV_0300_20150717_000045 $Repouso Eterno (2)
QUEST_LV_0300_20150717_000046 $Colocando a Orb/MAKING/3/TRACK_BEFORE/None
QUEST_LV_0300_20150717_000047 $Repouso Eterno (3)
QUEST_LV_0300_20150717_000048 $Saudações
QUEST_LV_0300_20150717_000049 $Notice/Parece que o desejo de Svitrigaila foi concedido#5
QUEST_LV_0300_20150717_000050 $Inspecione o Detector
QUEST_LV_0300_20150717_000051 $Fale com Kupole Meile
QUEST_LV_0300_20150717_000052 $Fale com Kupole,Quem você salvou da pedra congelada.
QUEST_LV_0300_20150717_000053 $Examine a Petrificação dos Detectores
QUEST_LV_0300_20150717_000054 $Confira os detectores nas areas que você ainda não esteve para ajudar Kupole Meile a guiar as almas com segurança a partir da Pedra Congelada.
QUEST_LV_0300_20150717_000055 $Volte para Kupole Meile
QUEST_LV_0300_20150717_000056 $Você checou todos os 4 detectores exceto o na entrada. Agora retorne para Kupole Meile.
QUEST_LV_0300_20150717_000057 $Você tem algo a dizer sobre a reativação dos detectores com mau funcionamento. Fale com Kupole Meile novamente.
QUEST_LV_0300_20150717_000058 $Conheça a Guarda do Exército do Reino de Retia
QUEST_LV_0300_20150717_000059 $Kupole disse que o Exército Real instalou os detectores petrificados.Conheça a Guarda do Exército do Reino de Retia na praça de Verkti.
QUEST_LV_0300_20150717_000060 $Conversar um pouco mais com a Guarda do Exército Real de Retia sobre o mau funcionamento do detector na Fortaleza Costeira.
QUEST_LV_0300_20150717_000061 Encontre uma peça para o detector petrificado
QUEST_LV_0300_20150717_000062 Escute a Guarda do Exército Real de Retia e olhe os soldados que foram designados para a Fortaleza Costeira.Se algo acontecer com eles, Você tera de recuperar a peça do detector de seus cadáveres. Tente também caçar os monstros na área.
QUEST_LV_0300_20150717_000063 Conheça Kupole Meile
QUEST_LV_0300_20150717_000064 Infelizmente, os soldados do Exército do Reino não sobreviveu, mas você foi capaz de coletar todas as peças necessárias para o detector.Agora, va contar a Kupole o que aconteceu, e então vá reparar o detector petrificador.
QUEST_LV_0300_20150717_000065 Antes de ir reparar o detector petrificado,Converse com Kupole Meile sobre a situação iminente.
QUEST_LV_0300_20150717_000066 Repare o Detector Petrificado
QUEST_LV_0300_20150717_000067 Repare o primeiro detector petrificado que não está funcionando.
QUEST_LV_0300_20150717_000068 Você derrotou todos os monstros que começaram a atacar quando você tentou reparar o detector petrificado.Agora você pode voltar a reparar o detector petrificado em paz.
QUEST_LV_0300_20150717_000069 Repare o terceiro Detector Petrificado
QUEST_LV_0300_20150717_000070 Agora vá reparar o terceiro detector petrificado.
QUEST_LV_0300_20150717_000071 Encontre a Fixação de Cordas
QUEST_LV_0300_20150717_000072 Você vai precisar de alguma corda para prender e segurar a peça do detector. Tente caça-las em alguns monstros.
QUEST_LV_0300_20150717_000073 Você coletou cordas o suficente para prender a peça. Agora repare o terceiro detector petrificado.
QUEST_LV_0300_20150717_000074 Cace monstros e colete %s
QUEST_LV_0300_20150717_000075 Cace monstros e colete cordas
QUEST_LV_0300_20150717_000076 Vá e deixe Kupole Meile saber que você reparou todos os detectores petrificados.
QUEST_LV_0300_20150717_000077 Examine o Dispositivo Misterioso
QUEST_LV_0300_20150717_000078 Ao se aproximar do dispositivo desconhecido, Você sente-se estranhamente atraido por isso e não pode aproximar-se mais. O que poderia ser esse dispositivo? Talvez você descubra se você tocar nisso?
QUEST_LV_0300_20150717_000079 Encontre Svitrigaila
QUEST_LV_0300_20150717_000080 Você começou a sentir-se cada vez mais fraco,Como se sua alma fosse sugada para fora de seu corpo. Encontre alguem que possa ajudar você nessa situação.
QUEST_LV_0300_20150717_000081 O Ultimo Desejo Dele
QUEST_LV_0300_20150717_000082 Fale com Svitrigaila
QUEST_LV_0300_20150717_000083 Parece que você tera que ouvir as historias de Svitrigaila.
QUEST_LV_0300_20150717_000084 Reuna Ervas Daninhas venenosas
QUEST_LV_0300_20150717_000085 Svitrigaila disse isso a você, como um revelador,não seria má ideia para você ajudalo a cometer suicídio, e ele pede para você reunir algumas ervas venenosas para ele.
QUEST_LV_0300_20150717_000086 Dê a Svitrigaila as Ervas Venenosas
QUEST_LV_0300_20150717_000087 Você recolheu todas as ervas venenosas que Svitrigaila pediu. Agora retorne para Svitrigaila e de a ele as ervas venenosas que você coletou.
QUEST_LV_0300_20150717_000088 Fale com o Mestre do Clérigo para conseguir a água abençoada que Svitrigaila precisa.
QUEST_LV_0300_20150717_000089 Retorne para Svitrigaila
QUEST_LV_0300_20150717_000090 O Mestre do Clerigo recusou irredutivemente seu pedido. Isso é lamentável. Bem de qualquer maneira, vá contar a Svitrigaila o que aconteceu.
QUEST_LV_0300_20150717_000091 Você deu a Svitrigaila as ervas venenosas, e parece que ele as comeu, mas você não ve qualquer mudança nele. Tente conversar novamente com ele.
QUEST_LV_0300_20150717_000092 Vendo como não houve efeito com Svitrigaila quando ele comeu as ervas venenosas, elas tem de ser misturadas com a água abençoada primeiro, e então comidas para conseguir seu resultado desejado. Encontre o Mestre do Clérigo  e pegue uma água abençoada dele.
QUEST_LV_0300_20150717_000093 Destrua o Terminal
QUEST_LV_0300_20150717_000094 Fale com Svitrigaila um pouco mais.
QUEST_LV_0300_20150717_000095 Destrua o Terminal do Compatador de Almas
QUEST_LV_0300_20150717_000096 A fim de ajduar Svitrigaila, você tera que destroir o Dispositivo Compactador de Almas. Você precisa de algumas ferramenta para ajuda-lo a destroir o terminal do Dispositivo Compactador de Almas, e então sua estrutura principal, com antecedência. A prioridade, é destruir o primeiro terminal.
QUEST_LV_0300_20150717_000097 Informar Svitrigaila
QUEST_LV_0300_20150717_000098 Você destroiu o terminal. E você teve êxito recuperando o núcleo do terminal. Dê o núcleo para Svitrigaila.
QUEST_LV_0300_20150717_000099 Destrua o terminal e Recupere seu Núcleo
QUEST_LV_0300_20150717_000100
QUEST_LV_0300_20150717_000101
QUEST_LV_0300_20150717_000102
QUEST_LV_0300_20150717_000103
QUEST_LV_0300_20150717_000104
QUEST_LV_0300_20150717_000105
QUEST_LV_0300_20150717_000106
QUEST_LV_0300_20150717_000107
QUEST_LV_0300_20150717_000108
QUEST_LV_0300_20150717_000109
QUEST_LV_0300_20150717_000110
QUEST_LV_0300_20150717_000111
QUEST_LV_0300_20150717_000112
QUEST_LV_0300_20150717_000113
QUEST_LV_0300_20150717_000114
QUEST_LV_0300_20150717_000115
QUEST_LV_0300_20150717_000116
QUEST_LV_0300_20150717_000117
QUEST_LV_0300_20150717_000118
QUEST_LV_0300_20150717_000119
QUEST_LV_0300_20150729_000120
QUEST_LV_0300_20150729_000121
QUEST_LV_0300_20150729_000122
QUEST_LV_0300_20150729_000123
QUEST_LV_0300_20150729_000124
QUEST_LV_0300_20150729_000125
QUEST_LV_0300_20150729_000126
QUEST_LV_0300_20150729_000127
QUEST_LV_0300_20150729_000128
QUEST_LV_0300_20150729_000129
QUEST_LV_0300_20150729_000130
QUEST_LV_0300_20150729_000131
QUEST_LV_0300_20150729_000132
QUEST_LV_0300_20150729_000133
QUEST_LV_0300_20150729_000134
QUEST_LV_0300_20150729_000135
QUEST_LV_0300_20150729_000136
QUEST_LV_0300_20150729_000137
QUEST_LV_0300_20150729_000138
QUEST_LV_0300_20150729_000139
QUEST_LV_0300_20150729_000140
QUEST_LV_0300_20150729_000141
QUEST_LV_0300_20150729_000142
QUEST_LV_0300_20150729_000143
QUEST_LV_0300_20150729_000144
QUEST_LV_0300_20150729_000145
QUEST_LV_0300_20150729_000146
QUEST_LV_0300_20150729_000147
QUEST_LV_0300_20150729_000148
QUEST_LV_0300_20150729_000149
QUEST_LV_0300_20150729_000150 $Eu coperarei
QUEST_LV_0300_20150729_000151 $Relação entre o  Dispositivo de Integração de Espirito e Svitrigaila
QUEST_LV_0300_20150729_000152 $Talvez sua alma esteja sendo drenada, Você está gradualmente perdendo energia e resistência!! Apresse-se e procure por alguém que possa restaurar você!!
QUEST_LV_0300_20150729_000153 $Adiquira %s destroindo o terminal
QUEST_LV_0300_20150729_000154 $Traga o Núcleo do Terminal
QUEST_LV_0300_20150729_000155 $Traga o Núcleo do Terminal para Svitrigaila.
QUEST_LV_0300_20150729_000156 $Fabrique %s
QUEST_LV_0300_20150730_000157 $Como eu esperava, temos que conseguir o núcleo do Terminal novamente.{nl}Hmm..Vou lançar uma magia de proteção sobre você de modo que o terminal não poderá derrotá-lo como antes.{nl}Eu ainda tenho toda essa força.
QUEST_LV_0300_20150730_000158 $Eu guio as almas petrificdas de acordo com a vontade da Deusa.
QUEST_LV_0300_20150730_000159 $A Pedra Congelada explodira aqui em breve. Mas não sabemos quando..{nl}Eu me pergunto se o Detector Petrificado esta funcionando corretamente na rota de abastecimento.{nl}Você poderia checar isso?
QUEST_LV_0300_20150730_000160 $Fabricar %s
QUEST_LV_0300_20150803_000161 $Eles podem ser mortos desde que não tenha palavra por parte deles.{nl}Se você encontrar seus corpos.. por favor, traga-os com suas lembranças.
QUEST_LV_0300_20150803_000162 $As tropas inteiras foram mortas. Agradeço pela ajuda{nl}Deve ser uma parte das lembranças.
QUEST_LV_0300_20150803_000163 $Você precisa passar para reparar.{nl}Tenha cuidado com a Pedra Congelada.
QUEST_LV_0300_20150803_000164 $Água abençoada?{nl}Para que precisa disso?
QUEST_LV_0300_20150803_000165 $Existe um demônio que precisa de água abençoada no Distrito de Dingofasil?{nl}..
QUEST_LV_0300_20150803_000166 ${nl}Eu não tenho interesse em seus assuntos pessoais, mas não posso ajudar demônios sendo um clérigo.
QUEST_LV_0300_20150803_000167 $Talvez esta seja a única maneira..{nl}Destroindo o Dispositivo de Integração dos Espíritos..{nl}Aquele que me mandou aqui me disse{nl} Aquele Dispositivo de Integração do Espírito e eu somos um. Por que eu nunca o esqueci?
QUEST_LV_0300_20150803_000168 $O Dispositivo de Integração do Espirito absorve almas de 3 terminais.{nl}A maldição de um tempo atrás foi um processo da absorção de almas.{nl}Vamos destruir os terminais um por um.
QUEST_LV_0300_20150803_000169 ${nl}Então traga o núcleo.{nl}Ah, vou lançar um feitiço sobre você, assim você não vai ser amaldiçoado novamente.
QUEST_LV_0300_20150803_000170
QUEST_LV_0300_20150803_000171
QUEST_LV_0300_20150803_000172
QUEST_LV_0300_20150803_000173
QUEST_LV_0300_20150803_000174
QUEST_LV_0300_20150803_000175
QUEST_LV_0300_20150803_000176
QUEST_LV_0300_20150803_000177
QUEST_LV_0300_20150803_000178
QUEST_LV_0300_20150803_000179
QUEST_LV_0300_20150803_000180
QUEST_LV_0300_20150803_000181
QUEST_LV_0300_20150803_000182
QUEST_LV_0300_20150803_000183
QUEST_LV_0300_20150803_000184
QUEST_LV_0300_20150803_000185
QUEST_LV_0300_20150803_000186
QUEST_LV_0300_20150803_000187
QUEST_LV_0300_20150803_000188
QUEST_LV_0300_20150908_000189
QUEST_LV_0300_20150908_000190
QUEST_LV_0300_20150908_000191
QUEST_LV_0300_20150908_000192
QUEST_LV_0300_20150908_000193
QUEST_LV_0300_20150908_000194
QUEST_LV_0300_20150908_000195
QUEST_LV_0300_20150908_000196
QUEST_LV_0300_20150908_000197
QUEST_LV_0300_20150908_000198
QUEST_LV_0300_20150908_000199
QUEST_LV_0300_20150908_000200
QUEST_LV_0300_20150908_000201
QUEST_LV_0300_20150908_000202
QUEST_LV_0300_20150908_000203
QUEST_LV_0300_20150908_000204
QUEST_LV_0300_20150908_000205
QUEST_LV_0300_20150908_000206
QUEST_LV_0300_20150908_000207
QUEST_LV_0300_20150908_000208
QUEST_LV_0300_20150908_000209
QUEST_LV_0300_20150908_000210
QUEST_LV_0300_20150908_000211
QUEST_LV_0300_20151001_000212
QUEST_LV_0300_20151001_000213
QUEST_LV_0300_20151001_000214
QUEST_LV_0300_20151001_000215
QUEST_LV_0300_20151001_000216
QUEST_LV_0300_20151001_000217
QUEST_LV_0300_20151001_000218
QUEST_LV_0300_20151001_000219
QUEST_LV_0300_20151001_000220
QUEST_LV_0300_20151001_000221
QUEST_LV_0300_20151001_000222
QUEST_LV_0300_20151001_000223
QUEST_LV_0300_20151001_000224
QUEST_LV_0300_20151001_000225
QUEST_LV_0300_20151001_000226
QUEST_LV_0300_20151001_000227
QUEST_LV_0300_20151001_000228
QUEST_LV_0300_20151001_000229
QUEST_LV_0300_20151001_000230
QUEST_LV_0300_20151001_000231
QUEST_LV_0300_20151001_000232
QUEST_LV_0300_20151001_000233
QUEST_LV_0300_20151001_000234
QUEST_LV_0300_20151001_000235
QUEST_LV_0300_20151001_000236
QUEST_LV_0300_20151001_000237
QUEST_LV_0300_20151001_000238
QUEST_LV_0300_20151001_000239
QUEST_LV_0300_20151001_000240
QUEST_LV_0300_20151001_000241
QUEST_LV_0300_20151001_000242
QUEST_LV_0300_20151001_000243
QUEST_LV_0300_20151001_000244
QUEST_LV_0300_20151001_000245
QUEST_LV_0300_20151001_000246
QUEST_LV_0300_20151001_000247
QUEST_LV_0300_20151001_000248
QUEST_LV_0300_20151001_000249
QUEST_LV_0300_20151001_000250
QUEST_LV_0300_20151001_000251
QUEST_LV_0300_20151001_000252
QUEST_LV_0300_20151001_000253
QUEST_LV_0300_20151001_000254
QUEST_LV_0300_20151001_000255
QUEST_LV_0300_20151001_000256
QUEST_LV_0300_20151001_000257
QUEST_LV_0300_20151001_000258
QUEST_LV_0300_20151001_000259
QUEST_LV_0300_20151001_000260
QUEST_LV_0300_20151001_000261
QUEST_LV_0300_20151001_000262
QUEST_LV_0300_20151001_000263
QUEST_LV_0300_20151001_000264
QUEST_LV_0300_20151001_000265
QUEST_LV_0300_20151001_000266
QUEST_LV_0300_20151001_000267
QUEST_LV_0300_20151001_000268
QUEST_LV_0300_20151001_000269
QUEST_LV_0300_20151001_000270
QUEST_LV_0300_20151001_000271
QUEST_LV_0300_20151001_000272
QUEST_LV_0300_20151001_000273
QUEST_LV_0300_20151001_000274
QUEST_LV_0300_20151001_000275
QUEST_LV_0300_20151001_000276
QUEST_LV_0300_20151001_000277
QUEST_LV_0300_20151001_000278
QUEST_LV_0300_20151001_000279
QUEST_LV_0300_20151001_000280
QUEST_LV_0300_20151001_000281
QUEST_LV_0300_20151001_000282
QUEST_LV_0300_20151001_000283
QUEST_LV_0300_20151001_000284
QUEST_LV_0300_20151001_000285
QUEST_LV_0300_20151001_000286
QUEST_LV_0300_20151001_000287
QUEST_LV_0300_20151001_000288
QUEST_LV_0300_20151001_000289
QUEST_LV_0300_20151001_000290
QUEST_LV_0300_20151001_000291
QUEST_LV_0300_20151001_000292
QUEST_LV_0300_20151001_000293
QUEST_LV_0300_20151001_000294
QUEST_LV_0300_20151001_000295
QUEST_LV_0300_20151001_000296
QUEST_LV_0300_20151001_000297
QUEST_LV_0300_20151001_000298
QUEST_LV_0300_20151001_000299
QUEST_LV_0300_20151001_000300
QUEST_LV_0300_20151001_000301
QUEST_LV_0300_20151001_000302
QUEST_LV_0300_20151001_000303
QUEST_LV_0300_20151001_000304
QUEST_LV_0300_20151001_000305
QUEST_LV_0300_20151001_000306
QUEST_LV_0300_20151001_000307
QUEST_LV_0300_20151001_000308
QUEST_LV_0300_20151001_000309
QUEST_LV_0300_20151001_000310
QUEST_LV_0300_20151001_000311
QUEST_LV_0300_20151001_000312
QUEST_LV_0300_20151001_000313
QUEST_LV_0300_20151001_000314
QUEST_LV_0300_20151001_000315
QUEST_LV_0300_20151001_000316
QUEST_LV_0300_20151001_000317
QUEST_LV_0300_20151001_000318
QUEST_LV_0300_20151001_000319
QUEST_LV_0300_20151001_000320
QUEST_LV_0300_20151001_000321
QUEST_LV_0300_20151001_000322
QUEST_LV_0300_20151001_000323
QUEST_LV_0300_20151001_000324
QUEST_LV_0300_20151001_000325
QUEST_LV_0300_20151001_000326
QUEST_LV_0300_20151001_000327
QUEST_LV_0300_20151001_000328
QUEST_LV_0300_20151001_000329
QUEST_LV_0300_20151001_000330
QUEST_LV_0300_20151001_000331
QUEST_LV_0300_20151001_000332
QUEST_LV_0300_20151001_000333
QUEST_LV_0300_20151001_000334
QUEST_LV_0300_20151001_000335
QUEST_LV_0300_20151001_000336
QUEST_LV_0300_20151001_000337
QUEST_LV_0300_20151001_000338
QUEST_LV_0300_20151001_000339
QUEST_LV_0300_20151001_000340
QUEST_LV_0300_20151001_000341
QUEST_LV_0300_20151001_000342
QUEST_LV_0300_20151001_000343
QUEST_LV_0300_20151001_000344
QUEST_LV_0300_20151001_000345
QUEST_LV_0300_20151001_000346
QUEST_LV_0300_20151001_000347
QUEST_LV_0300_20151001_000348
QUEST_LV_0300_20151001_000349
QUEST_LV_0300_20151001_000350
QUEST_LV_0300_20151001_000351
QUEST_LV_0300_20151001_000352
QUEST_LV_0300_20151001_000353
QUEST_LV_0300_20151001_000354
QUEST_LV_0300_20151001_000355
QUEST_LV_0300_20151001_000356
QUEST_LV_0300_20151001_000357
QUEST_LV_0300_20151001_000358
QUEST_LV_0300_20151001_000359
QUEST_LV_0300_20151001_000360
QUEST_LV_0300_20151001_000361
QUEST_LV_0300_20151001_000362
QUEST_LV_0300_20151001_000363
QUEST_LV_0300_20151001_000364
QUEST_LV_0300_20151001_000365
QUEST_LV_0300_20151001_000366
QUEST_LV_0300_20151001_000367
QUEST_LV_0300_20151001_000368
QUEST_LV_0300_20151001_000369
QUEST_LV_0300_20151001_000370
QUEST_LV_0300_20151001_000371
QUEST_LV_0300_20151001_000372
QUEST_LV_0300_20151001_000373
QUEST_LV_0300_20151001_000374
QUEST_LV_0300_20151001_000375
QUEST_LV_0300_20151001_000376
QUEST_LV_0300_20151001_000377
QUEST_LV_0300_20151001_000378
QUEST_LV_0300_20151001_000379
QUEST_LV_0300_20151001_000380
QUEST_LV_0300_20151001_000381
QUEST_LV_0300_20151001_000382
QUEST_LV_0300_20151001_000383
QUEST_LV_0300_20151001_000384
QUEST_LV_0300_20151001_000385
QUEST_LV_0300_20151001_000386
QUEST_LV_0300_20151001_000387
QUEST_LV_0300_20151001_000388
QUEST_LV_0300_20151001_000389
QUEST_LV_0300_20151001_000390
QUEST_LV_0300_20151001_000391
QUEST_LV_0300_20151001_000392
QUEST_LV_0300_20151001_000393
QUEST_LV_0300_20151001_000394
QUEST_LV_0300_20151001_000395
QUEST_LV_0300_20151001_000396
QUEST_LV_0300_20151001_000397
QUEST_LV_0300_20151001_000398
QUEST_LV_0300_20151001_000399
QUEST_LV_0300_20151001_000400
QUEST_LV_0300_20151001_000401
QUEST_LV_0300_20151001_000402
QUEST_LV_0300_20151001_000403
QUEST_LV_0300_20151001_000404
QUEST_LV_0300_20151001_000405
QUEST_LV_0300_20151001_000406
QUEST_LV_0300_20151001_000407
QUEST_LV_0300_20151001_000408
QUEST_LV_0300_20151001_000409
QUEST_LV_0300_20151001_000410
QUEST_LV_0300_20151001_000411
QUEST_LV_0300_20151001_000412
QUEST_LV_0300_20151001_000413
QUEST_LV_0300_20151001_000414
QUEST_LV_0300_20151001_000415
QUEST_LV_0300_20151001_000416
QUEST_LV_0300_20151001_000417
QUEST_LV_0300_20151001_000418
QUEST_LV_0300_20151001_000419
QUEST_LV_0300_20151001_000420
QUEST_LV_0300_20151001_000421
QUEST_LV_0300_20151001_000422
QUEST_LV_0300_20151001_000423
QUEST_LV_0300_20151001_000424
QUEST_LV_0300_20151001_000425
QUEST_LV_0300_20151001_000426
QUEST_LV_0300_20151001_000427
QUEST_LV_0300_20151001_000428
QUEST_LV_0300_20151001_000429
QUEST_LV_0300_20151001_000430
QUEST_LV_0300_20151001_000431
QUEST_LV_0300_20151001_000432
QUEST_LV_0300_20151001_000433
QUEST_LV_0300_20151001_000434
QUEST_LV_0300_20151001_000435
QUEST_LV_0300_20151001_000436
QUEST_LV_0300_20151001_000437
QUEST_LV_0300_20151001_000438
QUEST_LV_0300_20151001_000439
QUEST_LV_0300_20151001_000440
QUEST_LV_0300_20151001_000441
QUEST_LV_0300_20151001_000442
QUEST_LV_0300_20151001_000443
QUEST_LV_0300_20151001_000444
QUEST_LV_0300_20151001_000445
QUEST_LV_0300_20151001_000446
QUEST_LV_0300_20151016_000447
QUEST_LV_0300_20151016_000448
QUEST_LV_0300_20151016_000449
QUEST_LV_0300_20151016_000450
QUEST_LV_0300_20151016_000451
QUEST_LV_0300_20151016_000452
QUEST_LV_0300_20151016_000453
QUEST_LV_0300_20151016_000454
QUEST_LV_0300_20151016_000455
QUEST_LV_0300_20151016_000456
QUEST_LV_0300_20151016_000457
QUEST_LV_0300_20151016_000458
QUEST_LV_0300_20151016_000459
QUEST_LV_0300_20151022_000460
QUEST_LV_0300_20151022_000461
QUEST_LV_0300_20151022_000462
QUEST_LV_0300_20151022_000463
QUEST_LV_0300_20151022_000464
QUEST_LV_0300_20151022_000465
QUEST_LV_0300_20151022_000466
QUEST_LV_0300_20151022_000467
QUEST_LV_0300_20151022_000468
QUEST_LV_0300_20151022_000469
QUEST_LV_0300_20151022_000470
QUEST_LV_0300_20151022_000471
QUEST_LV_0300_20151022_000472
QUEST_LV_0300_20151022_000473
QUEST_LV_0300_20151022_000474
QUEST_LV_0300_20151022_000475
QUEST_LV_0300_20151022_000476
QUEST_LV_0300_20151022_000477
QUEST_LV_0300_20151022_000478
QUEST_LV_0300_20151022_000479
QUEST_LV_0300_20151022_000480
QUEST_LV_0300_20151022_000481
QUEST_LV_0300_20151022_000482
QUEST_LV_0300_20151022_000483
QUEST_LV_0300_20151022_000484
QUEST_LV_0300_20151022_000485
QUEST_LV_0300_20151022_000486
QUEST_LV_0300_20151022_000487
QUEST_LV_0300_20151022_000488
QUEST_LV_0300_20151022_000489
QUEST_LV_0300_20151022_000490
QUEST_LV_0300_20151022_000491
QUEST_LV_0300_20151022_000492
QUEST_LV_0300_20151022_000493
QUEST_LV_0300_20151022_000494
QUEST_LV_0300_20151022_000495
QUEST_LV_0300_20151022_000496
QUEST_LV_0300_20151022_000497
QUEST_LV_0300_20151022_000498
QUEST_LV_0300_20151022_000499
QUEST_LV_0300_20151022_000500
QUEST_LV_0300_20151022_000501
QUEST_LV_0300_20151022_000502
QUEST_LV_0300_20151022_000503
QUEST_LV_0300_20151022_000504
QUEST_LV_0300_20151022_000505
QUEST_LV_0300_20151022_000506
QUEST_LV_0300_20151022_000507
QUEST_LV_0300_20151022_000508
QUEST_LV_0300_20151022_000509
QUEST_LV_0300_20151022_000510
QUEST_LV_0300_20151022_000511
QUEST_LV_0300_20151022_000512
QUEST_LV_0300_20151022_000513
QUEST_LV_0300_20151022_000514
QUEST_LV_0300_20151022_000515
QUEST_LV_0300_20151022_000516
QUEST_LV_0300_20151022_000517
QUEST_LV_0300_20151022_000518
QUEST_LV_0300_20151022_000519
QUEST_LV_0300_20151022_000520
QUEST_LV_0300_20151022_000521
QUEST_LV_0300_20151022_000522
QUEST_LV_0300_20151022_000523
QUEST_LV_0300_20151022_000524
QUEST_LV_0300_20151022_000525
QUEST_LV_0300_20151022_000526
QUEST_LV_0300_20151022_000527
QUEST_LV_0300_20151022_000528
QUEST_LV_0300_20151022_000529
QUEST_LV_0300_20151022_000530
QUEST_LV_0300_20151022_000531
QUEST_LV_0300_20151022_000532
QUEST_LV_0300_20151022_000533
QUEST_LV_0300_20151022_000534
QUEST_LV_0300_20151022_000535
QUEST_LV_0300_20151022_000536
QUEST_LV_0300_20151022_000537
QUEST_LV_0300_20151022_000538
QUEST_LV_0300_20151022_000539
QUEST_LV_0300_20151022_000540
QUEST_LV_0300_20151022_000541
QUEST_LV_0300_20151022_000542
QUEST_LV_0300_20151022_000543
QUEST_LV_0300_20151022_000544
QUEST_LV_0300_20151022_000545
QUEST_LV_0300_20151022_000546
QUEST_LV_0300_20151022_000547
QUEST_LV_0300_20151022_000548
QUEST_LV_0300_20151022_000549
QUEST_LV_0300_20151022_000550
QUEST_LV_0300_20151022_000551
QUEST_LV_0300_20151022_000552
QUEST_LV_0300_20151022_000553
QUEST_LV_0300_20151022_000554
QUEST_LV_0300_20151022_000555
QUEST_LV_0300_20151022_000556
QUEST_LV_0300_20151022_000557
QUEST_LV_0300_20151022_000558
QUEST_LV_0300_20151022_000559
QUEST_LV_0300_20151022_000560
QUEST_LV_0300_20151022_000561
QUEST_LV_0300_20151022_000562
QUEST_LV_0300_20151022_000563
QUEST_LV_0300_20151022_000564
QUEST_LV_0300_20151022_000565
QUEST_LV_0300_20151022_000566
QUEST_LV_0300_20151022_000567
QUEST_LV_0300_20151022_000568
QUEST_LV_0300_20151022_000569
QUEST_LV_0300_20151022_000570
QUEST_LV_0300_20151022_000571
QUEST_LV_0300_20151022_000572
QUEST_LV_0300_20151022_000573
QUEST_LV_0300_20151022_000574
QUEST_LV_0300_20151022_000575
QUEST_LV_0300_20151022_000576
QUEST_LV_0300_20151022_000577
QUEST_LV_0300_20151022_000578
QUEST_LV_0300_20151022_000579
QUEST_LV_0300_20151022_000580
QUEST_LV_0300_20151022_000581
QUEST_LV_0300_20151022_000582
QUEST_LV_0300_20151022_000583
QUEST_LV_0300_20151022_000584
QUEST_LV_0300_20151022_000585
QUEST_LV_0300_20151022_000586
QUEST_LV_0300_20151022_000587
QUEST_LV_0300_20151022_000588
QUEST_LV_0300_20151022_000589
QUEST_LV_0300_20151022_000590
QUEST_LV_0300_20151022_000591
QUEST_LV_0300_20151022_000592
QUEST_LV_0300_20151022_000593
QUEST_LV_0300_20151022_000594
QUEST_LV_0300_20151022_000595
QUEST_LV_0300_20151022_000596
QUEST_LV_0300_20151022_000597
QUEST_LV_0300_20151022_000598
QUEST_LV_0300_20151022_000599
QUEST_LV_0300_20151022_000600
QUEST_LV_0300_20151022_000601
QUEST_LV_0300_20151022_000602
QUEST_LV_0300_20151022_000603
QUEST_LV_0300_20151022_000604
QUEST_LV_0300_20151022_000605
QUEST_LV_0300_20151022_000606
QUEST_LV_0300_20151022_000607
QUEST_LV_0300_20151022_000608
QUEST_LV_0300_20151022_000609
QUEST_LV_0300_20151022_000610
QUEST_LV_0300_20151022_000611
QUEST_LV_0300_20151022_000612
QUEST_LV_0300_20151022_000613
QUEST_LV_0300_20151022_000614
QUEST_LV_0300_20151022_000615
QUEST_LV_0300_20151022_000616
QUEST_LV_0300_20151022_000617
QUEST_LV_0300_20151022_000618
QUEST_LV_0300_20151022_000619
QUEST_LV_0300_20151022_000620
QUEST_LV_0300_20151022_000621
QUEST_LV_0300_20151022_000622
QUEST_LV_0300_20151022_000623
QUEST_LV_0300_20151022_000624
QUEST_LV_0300_20151022_000625
QUEST_LV_0300_20151022_000626
QUEST_LV_0300_20151022_000627
QUEST_LV_0300_20151022_000628
QUEST_LV_0300_20151022_000629
QUEST_LV_0300_20151022_000630
QUEST_LV_0300_20151022_000631
QUEST_LV_0300_20151022_000632
QUEST_LV_0300_20151022_000633
QUEST_LV_0300_20151022_000634
QUEST_LV_0300_20151022_000635
QUEST_LV_0300_20151022_000636
QUEST_LV_0300_20151022_000637
QUEST_LV_0300_20151022_000638
QUEST_LV_0300_20151022_000639
QUEST_LV_0300_20151022_000640
QUEST_LV_0300_20151022_000641
QUEST_LV_0300_20151022_000642
QUEST_LV_0300_20151022_000643
QUEST_LV_0300_20151022_000644
QUEST_LV_0300_20151022_000645
QUEST_LV_0300_20151022_000646
QUEST_LV_0300_20151022_000647
QUEST_LV_0300_20151022_000648
QUEST_LV_0300_20151022_000649
QUEST_LV_0300_20151022_000650
QUEST_LV_0300_20151022_000651
QUEST_LV_0300_20151022_000652
QUEST_LV_0300_20151022_000653
QUEST_LV_0300_20151022_000654
QUEST_LV_0300_20151022_000655
QUEST_LV_0300_20151022_000656
QUEST_LV_0300_20151022_000657
QUEST_LV_0300_20151022_000658
QUEST_LV_0300_20151022_000659
QUEST_LV_0300_20151022_000660
QUEST_LV_0300_20151022_000661
QUEST_LV_0300_20151022_000662
QUEST_LV_0300_20151022_000663
QUEST_LV_0300_20151022_000664
QUEST_LV_0300_20151022_000665
QUEST_LV_0300_20151022_000666
QUEST_LV_0300_20151022_000667
QUEST_LV_0300_20151022_000668
QUEST_LV_0300_20151022_000669
QUEST_LV_0300_20151022_000670
QUEST_LV_0300_20151022_000671
QUEST_LV_0300_20151022_000672
QUEST_LV_0300_20151022_000673
QUEST_LV_0300_20151022_000674
QUEST_LV_0300_20151022_000675
QUEST_LV_0300_20151022_000676
QUEST_LV_0300_20151022_000677
QUEST_LV_0300_20151022_000678
QUEST_LV_0300_20151022_000679
QUEST_LV_0300_20151022_000680
QUEST_LV_0300_20151102_000681
QUEST_LV_0300_20151102_000682
QUEST_LV_0300_20151102_000683
